https://gestionnaires.actifforum.com/, 1,
https://gestionnaires.actifforum.com/t47493-compte-4091-debiteur-opale
https://gestionnaires.actifforum.com/t46178-ople-chronologie-des-operations-pour-les-droits-constates
https://gestionnaires.actifforum.com/t47483-kit-elaboration-budgetaire-ople-v2
https://gestionnaires.actifforum.com/t43286-resoluople-suppression-d-une-domiciliation-bancaire
https://gestionnaires.actifforum.com/t47419-creation-fournisseur-espagnol
https://gestionnaires.actifforum.com/t47414-prelevement
https://blogacabdx.ac-bordeaux.fr/opalefaq/
https://espaceple.fr/articles
https://intendancezone.net/spip.php?article1193
https://intendancezone.net/spip.php?rubrique72
https://intendancezone.net/spip.php?article1149
https://tribu.phm.education.gouv.fr/portal_v2/tribu-app/document?id=VhlzU5
https://tribu.phm.education.gouv.fr/portal_v2/tribu-app/document?id=A7bnOV
https://tribu.phm.education.gouv.fr/portal_v2/tribu-app/document?id=VjkfEX
https://tribu.phm.education.gouv.fr/portal_v2/tribu-app/document?id=LndRoR
https://tribu.phm.education.gouv.fr/portal_v2/tribu-app/document?id=QshSoC
https://tribu.phm.education.gouv.fr/portal_v2/tribu-app/document?id=KP6xbj
https://drive.google.com/drive/folders/1i0YtuzM0IQ88uLnAUVNG46pPNPynKwDG
https://www.intendancezone.net/IMG/pdf/guide-simplifie-compta-gene-op_le.pdf
https://www.intendancezone.net/spip.php?article1149#partie6
